model,n_seeds,accuracy_mean,accuracy_std,accuracy_n,balanced_accuracy_mean,balanced_accuracy_std,balanced_accuracy_n,top5_accuracy_mean,top5_accuracy_std,top5_accuracy_n,f1_macro_mean,f1_macro_std,f1_macro_n,f1_weighted_mean,f1_weighted_std,f1_weighted_n,precision_macro_mean,precision_macro_std,precision_macro_n,recall_macro_mean,recall_macro_std,recall_macro_n,sensitivity_macro_mean,sensitivity_macro_std,sensitivity_macro_n,specificity_macro_mean,specificity_macro_std,specificity_macro_n,g_mean_macro_mean,g_mean_macro_std,g_mean_macro_n,cohen_kappa_mean,cohen_kappa_std,cohen_kappa_n,mcc_mean,mcc_std,mcc_n,auc_macro_ovr_mean,auc_macro_ovr_std,auc_macro_ovr_n,average_precision_macro_mean,average_precision_macro_std,average_precision_macro_n,ece_mean,ece_std,ece_n,params_M,size_MB,gflops,latency_ms,latency_ms_single_pass,tta_views,fps,select_src,hier_beta,best_epoch,train_sec_mean,complete
legacy_xception,3,0.902889,0.00019225763964016138,3,0.902889,0.00019225763964016138,3,0.9034443333333333,0.00019283498990930353,3,0.8954416666666667,0.001226057230855613,3,0.8954416666666667,0.001226057230855613,3,0.9406306666666667,0.0016856109673745341,3,0.902889,0.00019225763964016138,3,0.902889,0.00019225763964016138,3,0.9815776666666668,0.0008492916656445645,3,0.8645986666666667,0.00016685422779579245,3,0.8835833333333333,0.00018855326391585328,3,0.893218,0.0005148426944223018,3,0.9645156666666667,0.009765116708638652,3,0.9381413333333333,0.010431270168744238,3,0.23280733333333337,0.09561484780269922,3,20.85,79.54,4.574196,4.059,4.059,1,246.3,raw,,19,455.1666666666667,True
vit_small_patch16_224,3,0.903,0.0,3,0.903,0.0,3,0.9059996666666668,0.003785938897200122,3,0.89426,0.00020872709455170682,3,0.89426,0.00020872709455170682,3,0.9389973333333334,0.0002787836676229935,3,0.903,0.0,3,0.903,0.0,3,0.9807556666666667,0.00013891124264556225,3,0.8646949999999999,1.3597399555105182e-16,3,0.8836180000000001,1.6093476939431654e-05,3,0.8936823333333334,5.940819247659949e-05,3,0.9540919999999998,0.009764108305421444,3,0.9232650000000001,0.01606320195353342,3,0.07249833333333333,0.023534723757319385,3,21.674,82.68,4.250298624,2.374,2.374,1,421.2,raw,,8,292.73333333333335,True
swin_tiny_patch4_window7_224,3,0.903,0.0,3,0.903,0.0,3,0.9086666666666666,0.00491031794625695,3,0.8941933333333333,0.0002898298351331935,3,0.8941933333333333,0.0002898298351331935,3,0.9389083333333333,0.0003868246803570836,3,0.903,0.0,3,0.903,0.0,3,0.980711,0.00019225763964016138,3,0.8646949999999999,1.3597399555105182e-16,3,0.883613,2.25166604983378e-05,3,0.8937013333333333,8.256108849411893e-05,3,0.9665853333333333,0.021462433909818633,3,0.9358513333333334,0.020602867793909983,3,0.060160333333333336,0.042254833762935734,3,27.536,105.04,4.508442624,6.456,6.456,1,154.9,raw,,27,495.2,True
swin_small_patch4_window7_224,3,0.903,0.0,3,0.903,0.0,3,0.9043333333333333,0.0012017580177944953,3,0.8941263333333334,0.0001737824310260749,3,0.8941263333333334,0.0001737824310260749,3,0.9388186666666667,0.0002315174579450311,3,0.903,0.0,3,0.903,0.0,3,0.9806666666666667,0.00011547005383791244,3,0.8646949999999999,1.3597399555105182e-16,3,0.8836076666666667,1.3279056191358649e-05,3,0.8937203333333333,4.9652123150325425e-05,3,0.938911,0.02148379582382963,3,0.901919,0.04225444612108887,3,0.023808666666666662,0.014334974898245664,3,48.853,186.36,8.767782912,11.512,11.512,1,86.9,raw,,17,768.8333333333334,True
mobilenetv3_large_100,3,0.903,0.0,3,0.903,0.0,3,0.9105553333333333,0.004525737103868606,3,0.894126,9.999999999998899e-05,3,0.894126,9.999999999998899e-05,3,0.9388186666666667,0.0001335003121095064,3,0.903,0.0,3,0.903,0.0,3,0.9806666666666667,6.650062656343356e-05,3,0.8646949999999999,1.3597399555105182e-16,3,0.8836080000000001,7.99999999995249e-06,3,0.8937200000000001,2.9000000000001247e-05,3,0.9726013333333334,0.009084916858911433,3,0.9404053333333332,0.015623419354716601,3,0.09239933333333333,0.021892571007840384,3,4.229,16.13,0.224183296,4.403,4.403,1,227.1,raw,,29,276.5,True
legacy_seresnext50_32x4d,3,0.903,0.0,3,0.903,0.0,3,0.9042223333333334,0.0013473293336572528,3,0.8940259999999999,1.3597399555105182e-16,3,0.8940259999999999,1.3597399555105182e-16,3,0.938685,0.0,3,0.903,0.0,3,0.903,0.0,3,0.9806,0.0,3,0.8646949999999999,1.3597399555105182e-16,3,0.8836,0.0,3,0.893749,0.0,3,0.9425370000000001,0.0033045678991359805,3,0.901585,0.012634408533841193,3,0.042195666666666666,0.017011888088431962,3,25.554,97.48,4.2598912,6.04,6.04,1,165.6,raw,,25,480.0666666666666,True
efficientnet_b0,3,0.903,0.0,3,0.903,0.0,3,0.911111,0.0030242109714766633,3,0.8940259999999999,1.3597399555105182e-16,3,0.8940259999999999,1.3597399555105182e-16,3,0.938685,0.0,3,0.903,0.0,3,0.903,0.0,3,0.9806,0.0,3,0.8646949999999999,1.3597399555105182e-16,3,0.8836,0.0,3,0.893749,0.0,3,0.9688546666666666,0.00826751137485361,3,0.9350806666666666,0.014954639224445862,3,0.07854466666666667,0.025574236691118142,3,4.034,15.39,0.398099744,5.307,5.307,1,188.4,raw,,25,290.93333333333334,True
densenet201,3,0.903,0.0,3,0.903,0.0,3,0.9101113333333334,0.004114158034559846,3,0.8940259999999999,1.3597399555105182e-16,3,0.8940259999999999,1.3597399555105182e-16,3,0.938685,0.0,3,0.903,0.0,3,0.903,0.0,3,0.9806,0.0,3,0.8646949999999999,1.3597399555105182e-16,3,0.8836,0.0,3,0.893749,0.0,3,0.9469486666666667,0.0058984664391122325,3,0.8850543333333333,0.01548179428662368,3,0.038045,0.0012856955316092522,3,18.133,69.17,4.338991104,27.659,27.659,1,36.2,raw,,15,609.3666666666667,True
Proposed_HMLA_CAFormerS18,3,0.903,0.0,3,0.903,0.0,3,0.9349999999999999,0.015191112171266431,3,0.8940259999999999,1.3597399555105182e-16,3,0.8940259999999999,1.3597399555105182e-16,3,0.938685,0.0,3,0.903,0.0,3,0.903,0.0,3,0.9806,0.0,3,0.8646949999999999,1.3597399555105182e-16,3,0.8836,0.0,3,0.893749,0.0,3,0.9734856666666666,0.010607972536414925,3,0.9165456666666666,0.02326804721787656,3,0.017138,0.007756616079193298,3,23.897,91.16,3.970553856,44.383,11.096,4,22.5,ema,0.0,19,864.3666666666667,True
convnext_tiny,3,0.903,0.0,3,0.903,0.0,3,0.9265553333333333,0.03055826068894192,3,0.8940259999999999,1.3597399555105182e-16,3,0.8940259999999999,1.3597399555105182e-16,3,0.938685,0.0,3,0.903,0.0,3,0.903,0.0,3,0.9806,0.0,3,0.8646949999999999,1.3597399555105182e-16,3,0.8836,0.0,3,0.893749,0.0,3,0.9521706666666666,0.027974910765422165,3,0.8973513333333333,0.05734212296674526,3,0.034765,0.04772536697606421,3,27.836,106.19,4.469685504,4.03,4.03,1,248.1,raw,,8,407.7333333333333,True
deit3_small_patch16_224,3,0.902889,0.0001922576396401614,3,0.902889,0.0001922576396401614,3,0.9083333333333333,0.00895076657797158,3,0.8940163333333334,0.0002146633022510749,3,0.8940163333333334,0.0002146633022510749,3,0.9386003333333334,0.0004007646857363266,3,0.902889,0.0001922576396401614,3,0.902889,0.0001922576396401614,3,0.9806886666666667,7.678758580218485e-05,3,0.8645986666666667,0.00016685422779579245,3,0.8834796666666667,0.00022242376971299356,3,0.8935313333333333,0.00032806452617333915,3,0.9581176666666668,0.018405288624016015,3,0.9212763333333335,0.021296258975072,3,0.06398833333333333,0.002868023419244221,3,21.683,82.71,4.250298624,2.814,2.814,1,355.3,raw,,23,283.9666666666667,True
mnasnet_100,3,0.9027780000000001,0.00019225763964016138,3,0.9027780000000001,0.00019225763964016138,3,0.904111,0.001347535528288556,3,0.8939706666666667,0.00013452261272114106,3,0.8939706666666667,0.00013452261272114106,3,0.9386863333333334,0.00011489270356870621,3,0.9027780000000001,0.00019225763964016138,3,0.9027780000000001,0.00019225763964016138,3,0.980667,0.0,3,0.8645023333333333,0.00016685422779579245,3,0.8833466666666666,0.00022632130552230323,3,0.8934313333333334,0.0002499926665590535,3,0.9287230000000001,0.008843270718461615,3,0.9009313333333333,0.001596328391445012,3,0.011849333333333332,0.0035766142276367086,3,3.129,11.94,0.324138752,3.508,3.508,1,285.1,raw,,24,261.43333333333334,True
convnext_small,3,0.902889,0.0001922576396401614,3,0.902889,0.0001922576396401614,3,0.9043333333333333,0.0023094010767585054,3,0.8939703333333333,9.64174949546838e-05,3,0.8939703333333333,9.64174949546838e-05,3,0.938685,0.0,3,0.902889,0.0001922576396401614,3,0.902889,0.0001922576396401614,3,0.9806,0.0,3,0.8645986666666667,0.00016685422779579245,3,0.8834693333333333,0.00022632130552236734,3,0.8936163333333335,0.00022978540713747652,3,0.9099916666666666,0.014075419579299708,3,0.8427513333333333,0.008235666113517096,3,0.0030380000000000003,0.002106651133908982,3,49.471,188.72,8.704640256,5.827,5.827,1,171.6,raw,,20,726.5666666666666,True
regnety_016,3,0.902889,0.00019225763964016138,3,0.902889,0.00019225763964016138,3,0.9152223333333334,0.011950409881394604,3,0.8939149999999999,0.00019225763964016138,3,0.8939149999999999,0.00019225763964016138,3,0.9385743333333334,0.00019168028937095516,3,0.902889,0.00019225763964016138,3,0.902889,0.00019225763964016138,3,0.9805776666666667,3.8682468035727586e-05,3,0.8645986666666667,0.00016685422779579245,3,0.8834666666666667,0.00023094010767588897,3,0.893614,0.0002338268590217919,3,0.9488936666666666,0.020116199351103408,3,0.9010856666666668,0.027548377617081794,3,0.073059,0.009890964108720646,3,10.332,39.41,1.627317616,11.113,11.113,1,90.0,raw,,30,353.59999999999997,True
ghostnet_100,3,0.9027780000000001,0.00019225763964016138,3,0.9027780000000001,0.00019225763964016138,3,0.9093330000000001,0.006082762530298161,3,0.8938706666666668,0.0001676196090358751,3,0.8938706666666668,0.0001676196090358751,3,0.9385526666666667,0.00017594411991690533,3,0.9027780000000001,0.00019225763964016138,3,0.9027780000000001,0.00019225763964016138,3,0.9805999999999999,6.699999999998374e-05,3,0.8645023333333333,0.00016685422779579245,3,0.8833386666666666,0.00022646265328603052,3,0.89346,0.00025189878919913884,3,0.9580773333333333,0.0019046958637360613,3,0.9110816666666667,0.005070053878740714,3,0.078278,0.02472604750056102,3,3.928,14.99,0.147020816,7.03,7.03,1,142.2,raw,,13,268.23333333333335,True
vit_base_patch16_224,3,0.9027780000000001,0.00019225763964016138,3,0.9027780000000001,0.00019225763964016138,3,0.9067776666666667,0.003976593558981478,3,0.8938580000000002,0.00012328422445715038,3,0.8938580000000002,0.00012328422445715038,3,0.9383326666666667,0.00038746526726064827,3,0.9027780000000001,0.00019225763964016138,3,0.9027780000000001,0.00019225763964016138,3,0.9805999999999999,6.699999999998374e-05,3,0.8645023333333333,0.00016685422779579245,3,0.8833386666666666,0.00022646265328603052,3,0.8934363333333333,0.00023985273259505976,3,0.9538346666666667,0.016874322544426276,3,0.9097733333333333,0.01595982275381948,3,0.028243,0.016833931477821813,3,85.815,327.36,16.866660864,5.024,5.024,1,199.1,raw,,24,764.3000000000001,True
resnet101,3,0.9024443333333334,0.0005092114819339119,3,0.9024443333333334,0.0005092114819339119,3,0.9043333333333333,0.0006665000625156402,3,0.8938523333333332,0.00044571552960752,3,0.8938523333333332,0.00044571552960752,3,0.938716,0.000319824952122277,3,0.9024443333333334,0.0005092114819339119,3,0.9024443333333334,0.0005092114819339119,3,0.9807776666666667,0.00026978757075399947,3,0.8640796666666667,0.0005359340755478558,3,0.8829673333333333,0.000605892179627129,3,0.8929646666666667,0.0006312941733719288,3,0.9586269999999999,0.009464760377315442,3,0.9164613333333334,0.017363440797645336,3,0.07016133333333334,0.016939965564703292,3,42.543,162.29,7.831964672,11.642,11.642,1,85.9,raw,,22,616.1999999999999,True
densenet121,3,0.9027780000000001,0.00019225763964016138,3,0.9027780000000001,0.00019225763964016138,3,0.9053333333333334,0.0003335001249374944,3,0.8938373333333333,0.0002499926665591176,3,0.8938373333333333,0.0002499926665591176,3,0.9385083333333334,0.0002690452254423462,3,0.9027780000000001,0.00019225763964016138,3,0.9027780000000001,0.00019225763964016138,3,0.9805776666666666,7.736493607139108e-05,3,0.8645023333333333,0.00016685422779579245,3,0.8833359999999999,0.0002355589098293465,3,0.8934693333333333,0.00021708370121526,3,0.9539506666666666,0.0023174564361241575,3,0.9018913333333334,0.013396160357853827,3,0.04665866666666666,0.01838442314388279,3,6.975,26.61,2.864544256,14.737,14.737,1,67.9,raw,,10,422.1333333333334,True
caformer_s18.sail_in22k_ft_in1k,3,0.9025556666666666,0.0007696079088297876,3,0.9025556666666666,0.0007696079088297876,3,0.924889,0.01698510677034441,3,0.8938363333333333,0.00041811521538129276,3,0.8938363333333333,0.00041811521538129276,3,0.9387296666666667,7.736493607139108e-05,3,0.9025556666666666,0.0007696079088297876,3,0.9025556666666666,0.0007696079088297876,3,0.9806223333333333,3.868246803566349e-05,3,0.8643093333333333,0.000667994261452376,3,0.8830796666666667,0.0009081807822968528,3,0.8932093333333334,0.0009097309125962928,3,0.9509896666666667,0.0257774643697423,3,0.8851423333333334,0.017348030013039896,3,0.018039666666666666,0.02197414672594441,3,24.336,92.83,3.894573824,8.744,8.744,1,114.4,raw,,7,577.7333333333333,True
efficientnet_b3,3,0.9027776666666667,0.0003850926295494649,3,0.9027776666666667,0.0003850926295494649,3,0.9048886666666668,0.0009624428987390912,3,0.893771,0.0004416729559300727,3,0.893771,0.0004416729559300727,3,0.9385300000000001,0.00026846787517314,3,0.9027776666666667,0.0003850926295494649,3,0.9027776666666667,0.0003850926295494649,3,0.9805556666666666,7.678758580224895e-05,3,0.8643683333333333,0.0005658032638058222,3,0.8833333333333334,0.00046188021535171385,3,0.8935029999999999,0.0004260844986619533,3,0.9599376666666667,0.008902239736905177,3,0.9296166666666666,0.01730865475227161,3,0.107114,0.04996958644015378,3,10.729,40.93,0.987252112,8.1,8.1,1,123.5,raw,,21,497.3333333333333,True
inception_v3,3,0.9023333333333334,0.000882169106993267,3,0.9023333333333334,0.000882169106993267,3,0.9192223333333334,0.010205209274352667,3,0.8936923333333334,0.0009302657326448903,3,0.8936923333333334,0.0009302657326448903,3,0.9386876666666666,0.0006660040039919681,3,0.9023333333333334,0.000882169106993267,3,0.9023333333333334,0.000882169106993267,3,0.9806,0.0003330000000000277,3,0.864116,0.0007663230389333267,3,0.8828156666666667,0.0010746275323726031,3,0.8929543333333334,0.0009167924156172801,3,0.9795403333333333,0.009048047100525805,3,0.9513163333333333,0.013067993355268188,3,0.08348866666666666,0.017540481815883312,3,21.829,83.27,2.845264,7.44,7.44,1,134.4,raw,,17,309.53333333333336,True
resnext50_32x4d,3,0.9026666666666667,0.0003335001249374944,3,0.9026666666666667,0.0003335001249374944,3,0.903,0.0,3,0.8936376666666667,0.0003465174358287342,3,0.8936376666666667,0.0003465174358287342,3,0.9383529999999999,0.00033199999999999896,3,0.9026666666666667,0.0003335001249374944,3,0.9026666666666667,0.0003335001249374944,3,0.9805333333333334,6.65006265634892e-05,3,0.8642723333333334,0.0003704515262936881,3,0.8832,0.00040000000000001146,3,0.8933563333333333,0.0004050189295987987,3,0.9495080000000001,0.021562221615594276,3,0.9083776666666666,0.029487649233761133,3,0.08441833333333333,0.03291483547480275,3,23.023,87.83,4.257376256,4.361,4.361,1,229.3,raw,,21,468.5333333333333,True
resnet50,3,0.9023333333333334,0.0005773502691896263,3,0.9023333333333334,0.0005773502691896263,3,0.903333,0.0,3,0.8936270000000001,0.0007804851055593278,3,0.8936270000000001,0.0007804851055593278,3,0.9385979999999999,0.000668837050409175,3,0.9023333333333334,0.0005773502691896263,3,0.9023333333333334,0.0005773502691896263,3,0.980622,0.0002774220611270979,3,0.8639836666666666,0.0006479948559466847,3,0.8828183333333333,0.0007107632048251504,3,0.8929323333333334,0.0005843820097618865,3,0.9596490000000001,0.009153541773543175,3,0.9308489999999999,0.008082548051202666,3,0.12849166666666667,0.010963809617707408,3,23.551,89.84,4.109507584,6.052,6.052,1,165.2,raw,,22,422.5,True
vgg16,3,0.9023336666666667,0.0005773502691896263,3,0.9023336666666667,0.0005773502691896263,3,0.9132223333333332,0.008952669788020404,3,0.8936033333333332,0.00031037128303585125,3,0.8936033333333332,0.00031037128303585125,3,0.9385300000000001,0.0001670897962174865,3,0.9023336666666667,0.0005773502691896263,3,0.9023336666666667,0.0005773502691896263,3,0.9805553333333333,3.868246803572759e-05,3,0.8641169999999999,0.0005005626833874414,3,0.8828106666666667,0.0006812850602598747,3,0.8929606666666666,0.0006700241289187898,3,0.976641,0.014756106837509698,3,0.948283,0.022293226751639163,3,0.08401733333333333,0.015390030062781992,3,134.347,512.49,15.466258432,6.685,6.685,1,149.6,raw,,29,899.4333333333334,True
vgg19,3,0.9021113333333334,0.0005092114819339119,3,0.9021113333333334,0.0005092114819339119,3,0.926778,0.019698628454793515,3,0.8934176666666667,0.00042095169952545007,3,0.8934176666666667,0.00042095169952545007,3,0.9383273333333334,0.0002564397265115618,3,0.9021113333333334,0.0005092114819339119,3,0.9021113333333334,0.0005092114819339119,3,0.9805336666666666,0.00011547005383791244,3,0.8639253333333333,0.00044047285198220773,3,0.8825466666666667,0.0006118997739281544,3,0.8926696666666668,0.0005644345252847191,3,0.9871526666666667,0.007997122628379134,3,0.962828,0.02165237471964684,3,0.09460299999999999,0.036057499247729316,3,139.656,532.75,19.628056576,6.71,6.71,1,149.0,raw,,23,813.5666666666666,True
mobilenetv2_100,3,0.9022223333333335,0.0006937552402204609,3,0.9022223333333335,0.0006937552402204609,3,0.9044446666666666,0.0013473293336572528,3,0.8931823333333334,0.0007773804302484713,3,0.8931823333333334,0.0007773804302484713,3,0.9380423333333333,0.0005576032041992848,3,0.9022223333333335,0.0006937552402204609,3,0.9022223333333335,0.0006937552402204609,3,0.9804443333333334,0.00013891124264556225,3,0.8637526666666666,0.0009827259706211703,3,0.8826666666666667,0.0008326663997864858,3,0.8928523333333334,0.0007875083068345169,3,0.9616736666666666,0.004106338068563447,3,0.9250716666666667,0.00958771882844572,3,0.05228333333333333,0.019491065551511887,3,2.251,8.59,0.312940096,3.409,3.409,1,293.4,raw,,24,261.7333333333333,True
