cfg,seed,f1_macro_A,accuracy_A,f1_macro_B,accuracy_B,dF1_pp,dAcc_pp
benchmark/caformer_s18.sail_in22k_ft_in1k,1234,0.690869,0.690833,0.648694,0.632708,4.217499999999996,5.812499999999998
benchmark/caformer_s18.sail_in22k_ft_in1k,2024,0.666222,0.638333,0.650447,0.629583,1.5774999999999983,0.8750000000000036
benchmark/caformer_s18.sail_in22k_ft_in1k,42,0.607342,0.556042,0.663887,0.674583,-5.654499999999995,-11.8541
benchmark/convnext_small,1234,0.649443,0.674792,0.634163,0.650417,1.527999999999996,2.4374999999999925
benchmark/convnext_small,2024,0.602052,0.587708,0.674856,0.675625,-7.280399999999998,-8.791700000000002
benchmark/convnext_small,42,0.667065,0.667083,0.606444,0.600833,6.062100000000004,6.6250000000000036
benchmark/convnext_tiny,1234,0.618521,0.60125,0.54488,0.533333,7.364099999999995,6.7917000000000005
benchmark/convnext_tiny,2024,0.638906,0.62125,0.649174,0.665417,-1.0268000000000055,-4.416700000000007
benchmark/convnext_tiny,42,0.616741,0.629167,0.64093,0.622708,-2.4189000000000016,0.6458999999999993
benchmark/deit3_small_patch16_224,1234,0.604745,0.551042,0.638529,0.600208,-3.3784000000000036,-4.916599999999994
benchmark/deit3_small_patch16_224,2024,0.625229,0.585625,0.556154,0.464167,6.9075,12.145799999999996
benchmark/deit3_small_patch16_224,42,0.611218,0.549375,0.538377,0.44625,7.284100000000004,10.312499999999996
benchmark/densenet121,1234,0.605667,0.531875,0.601074,0.528333,0.4592999999999958,0.3541999999999934
benchmark/densenet121,2024,0.644444,0.569167,0.641175,0.593125,0.32689999999999664,-2.3958000000000035
benchmark/densenet121,42,0.637225,0.595625,0.610129,0.540417,2.709600000000001,5.520799999999992
benchmark/densenet201,1234,0.682971,0.671875,0.699877,0.707708,-1.6905999999999977,-3.5833000000000004
benchmark/densenet201,2024,0.60217,0.560208,0.663674,0.640625,-6.1504,-8.041699999999995
benchmark/densenet201,42,0.6911,0.664583,0.676595,0.6575,1.4505000000000101,0.7083000000000061
benchmark/efficientnet_b0,1234,0.527311,0.436458,0.580806,0.504167,-5.349500000000007,-6.770900000000002
benchmark/efficientnet_b0,2024,0.515041,0.435208,0.516449,0.43625,-0.14080000000000759,-0.10420000000000429
benchmark/efficientnet_b0,42,0.550819,0.472917,0.588154,0.522917,-3.7335000000000007,-4.999999999999999
benchmark/efficientnet_b3,1234,0.671567,0.691458,0.672999,0.68875,-0.14319999999999888,0.27080000000000437
benchmark/efficientnet_b3,2024,0.676138,0.707708,0.661312,0.678125,1.4826000000000006,2.9583000000000026
benchmark/efficientnet_b3,42,0.665007,0.67875,0.651035,0.659792,1.3971999999999984,1.895799999999992
benchmark/ghostnet_100,1234,0.571019,0.5325,0.63339,0.593333,-6.237099999999995,-6.083300000000003
benchmark/ghostnet_100,2024,0.642137,0.619583,0.627144,0.574375,1.4992999999999923,4.520800000000003
benchmark/ghostnet_100,42,0.670075,0.6375,0.661752,0.610208,0.8322999999999969,2.7291999999999983
benchmark/inception_v3,1234,0.539855,0.504167,0.560026,0.517292,-2.017100000000005,-1.3124999999999942
benchmark/inception_v3,2024,0.569094,0.529792,0.566055,0.558125,0.3039000000000014,-2.833299999999994
benchmark/inception_v3,42,0.492889,0.438542,0.579626,0.53,-8.673699999999995,-9.145800000000005
benchmark/legacy_seresnext50_32x4d,1234,0.693905,0.679167,0.711596,0.709167,-1.7691000000000012,-3.0000000000000027
benchmark/legacy_seresnext50_32x4d,2024,0.669313,0.648333,0.671321,0.633542,-0.20079999999998988,1.4790999999999999
benchmark/legacy_seresnext50_32x4d,42,0.689253,0.692917,0.690643,0.657083,-0.13900000000000023,3.5834000000000032
benchmark/legacy_xception,1234,0.634823,0.622083,0.613523,0.610208,2.1299999999999986,1.187500000000008
benchmark/legacy_xception,2024,0.547866,0.551042,0.584201,0.593542,-3.6335000000000006,-4.249999999999998
benchmark/legacy_xception,42,0.574675,0.610417,0.587509,0.607917,-1.28339999999999,0.24999999999999467
benchmark/mnasnet_100,1234,0.611545,0.601667,0.624732,0.622708,-1.3186999999999949,-2.1041000000000087
benchmark/mnasnet_100,2024,0.624922,0.614583,0.629931,0.637292,-0.5009000000000041,-2.270899999999998
benchmark/mnasnet_100,42,0.654721,0.67,0.631747,0.635417,2.297400000000005,3.458300000000003
benchmark/mobilenetv2_100,1234,0.487325,0.41375,0.456641,0.40625,3.0683999999999987,0.7500000000000007
benchmark/mobilenetv2_100,2024,0.573393,0.554167,0.598941,0.564583,-2.5547999999999904,-1.041599999999998
benchmark/mobilenetv2_100,42,0.543772,0.496458,0.501797,0.448333,4.197499999999998,4.812500000000003
benchmark/mobilenetv3_large_100,1234,0.620696,0.568125,0.592772,0.527708,2.792400000000006,4.041700000000004
benchmark/mobilenetv3_large_100,2024,0.549049,0.505833,0.55814,0.496875,-0.909099999999996,0.8957999999999966
benchmark/mobilenetv3_large_100,42,0.630494,0.585625,0.646261,0.608125,-1.5766999999999975,-2.2500000000000075
benchmark/regnety_016,1234,0.680875,0.694167,0.666985,0.667292,1.3889999999999958,2.6874999999999982
benchmark/regnety_016,2024,0.657552,0.6525,0.659514,0.655,-0.19620000000000193,-0.2500000000000058
benchmark/regnety_016,42,0.662479,0.646042,0.648656,0.66,1.382300000000003,-1.3958000000000026
benchmark/resnet101,1234,0.614653,0.625,0.62058,0.6525,-0.5927000000000016,-2.749999999999997
benchmark/resnet101,2024,0.624528,0.642292,0.625775,0.63875,-0.12469999999999981,0.3541999999999934
benchmark/resnet101,42,0.669194,0.661667,0.61535,0.631875,5.3844,2.979200000000004
benchmark/resnet50,1234,0.625869,0.601875,0.633478,0.62,-0.7608999999999977,-1.8124999999999947
benchmark/resnet50,2024,0.609265,0.608333,0.619032,0.634167,-0.9767000000000081,-2.5834000000000024
benchmark/resnet50,42,0.628513,0.627083,0.549665,0.507292,7.884800000000003,11.979099999999999
benchmark/resnext50_32x4d,1234,0.632068,0.606042,0.630655,0.628333,0.14129999999999976,-2.229100000000006
benchmark/resnext50_32x4d,2024,0.611469,0.62875,0.641892,0.661875,-3.042299999999998,-3.312499999999996
benchmark/resnext50_32x4d,42,0.609058,0.640625,0.591352,0.585625,1.7706,5.500000000000005
benchmark/swin_small_patch4_window7_224,1234,0.674072,0.655833,0.672209,0.671458,0.1863000000000059,-1.5625
benchmark/swin_small_patch4_window7_224,2024,0.685595,0.66625,0.713093,0.698958,-2.7498000000000022,-3.270799999999996
benchmark/swin_small_patch4_window7_224,42,0.68618,0.668542,0.706768,0.68375,-2.058799999999994,-1.5208
benchmark/swin_tiny_patch4_window7_224,1234,0.646422,0.597708,0.652719,0.59625,-0.6296999999999997,0.14580000000000704
benchmark/swin_tiny_patch4_window7_224,2024,0.644016,0.5975,0.666043,0.61875,-2.202700000000002,-2.124999999999999
benchmark/swin_tiny_patch4_window7_224,42,0.665444,0.6175,0.646407,0.599167,1.9037000000000082,1.8333000000000044
benchmark/vgg16,1234,0.248771,0.165208,0.383778,0.297083,-13.500700000000002,-13.1875
benchmark/vgg16,2024,0.449644,0.340208,0.40987,0.315,3.9773999999999976,2.520800000000001
benchmark/vgg16,42,0.328128,0.219792,0.258275,0.178958,6.9853,4.083399999999998
benchmark/vgg19,1234,0.323907,0.224375,0.401756,0.297083,-7.7849,-7.2707999999999995
benchmark/vgg19,2024,0.275135,0.209167,0.478314,0.400833,-20.3179,-19.1666
benchmark/vgg19,42,0.346434,0.245833,0.408011,0.2975,-6.157699999999999,-5.166699999999999
benchmark/vit_base_patch16_224,1234,0.695609,0.69875,0.593194,0.580833,10.241500000000004,11.791699999999993
benchmark/vit_base_patch16_224,2024,0.677699,0.667917,0.606581,0.602292,7.1118000000000015,6.562499999999993
benchmark/vit_base_patch16_224,42,0.612483,0.612708,0.548548,0.510417,6.393499999999996,10.229100000000003
benchmark/vit_small_patch16_224,1234,0.672066,0.666875,0.683072,0.685417,-1.100599999999996,-1.8542000000000058
benchmark/vit_small_patch16_224,2024,0.696586,0.716042,0.633491,0.623125,6.309500000000002,9.291699999999992
benchmark/vit_small_patch16_224,42,0.659027,0.676042,0.666263,0.655417,-0.723600000000002,2.0625000000000004
proposed/Proposed_HMLA_CAFormerS18,1234,0.695964,0.712708,0.684731,0.705417,1.1233000000000049,0.7291000000000047
proposed/Proposed_HMLA_CAFormerS18,2024,0.651033,0.691667,0.676843,0.712708,-2.581,-2.1040999999999976
proposed/Proposed_HMLA_CAFormerS18,42,0.674831,0.69375,0.683729,0.69375,-0.8898000000000073,0.0
